,SettlementID,MonitoringYear,SettlementName,MPAID,MPAName,Treatment,TimePoint,MAIndex,MTIndex,FSIndex,PAIndex,SERate,YrResident,Age,Gender
1,1,Baseline,Araway,1,Teluk Mayalibit MPA,1,Baseline,0.625994509,3,3.8875,4.985833333,0.75,24.45454545,43.33333333,1
2,1,2 Year Post,Araway,1,Teluk Mayalibit MPA,1,2 Year Post,0.504546404,2.466666667,3.511333333,4.022666667,0.830769231,27.6,46.93333333,1
3,1,4 Year Post,Araway,1,Teluk Mayalibit MPA,1,4 Year Post,0.460799645,3.230769231,3.526153846,3.974615385,0.713636364,25.84615385,44.23076923,1
4,1,7 Year Post,Araway,1,Teluk Mayalibit MPA,1,7 Year Post,0.651869323,2.857142857,3.816428571,4.037857143,0.75,29.85714286,44,1
5,2,Baseline,Beo,1,Teluk Mayalibit MPA,1,Baseline,0.545196095,3,1.763,4.833,0.5,28.94117647,40.55555556,0.9
6,2,2 Year Post,Beo,1,Teluk Mayalibit MPA,1,2 Year Post,0.597659753,2.105263158,2.996842105,3.947894737,0.771333333,28.52631579,42,0.894736842
7,2,4 Year Post,Beo,1,Teluk Mayalibit MPA,1,4 Year Post,0.591155172,2.95,3.907,3.8925,0.928,27.5,45.05,0.95
8,2,7 Year Post,Beo,1,Teluk Mayalibit MPA,1,7 Year Post,0.553696627,2.55,4.3805,3.998,0.813529412,33.85,45.2,0.9
9,3,Baseline,Go,1,Teluk Mayalibit MPA,1,Baseline,0.465130391,3.285714286,3.493809524,4.77952381,0.688666667,28.28571429,39.0952381,1
10,3,2 Year Post,Go,1,Teluk Mayalibit MPA,1,2 Year Post,0.613462367,2.333333333,2.896666667,4,1,28.42857143,38.66666667,1
11,3,4 Year Post,Go,1,Teluk Mayalibit MPA,1,4 Year Post,0.653788293,3.19047619,3.800952381,3.84,0.782222222,24.85714286,41.8,1
12,3,7 Year Post,Go,1,Teluk Mayalibit MPA,1,7 Year Post,0.529110768,2.5,3.342727273,3.765454545,0.782352941,30.18181818,41.36363636,0.954545455
13,4,Baseline,Kabilol,1,Teluk Mayalibit MPA,1,Baseline,0.504449317,3,2.740416667,4.8675,0.6375,36.28571429,44.79166667,0.875
14,4,2 Year Post,Kabilol,1,Teluk Mayalibit MPA,1,2 Year Post,0.430722983,2.730769231,2.753076923,3.948846154,0.863809524,32.38461538,44.4,0.923076923
15,4,4 Year Post,Kabilol,1,Teluk Mayalibit MPA,1,4 Year Post,0.328770405,3,3.240434783,3.927391304,0.952857143,34,48.73913043,0.826086957
16,4,7 Year Post,Kabilol,1,Teluk Mayalibit MPA,1,7 Year Post,0.475392148,2.76,4.1508,3.9336,0.855,33.84,41.20833333,0.958333333
17,5,Baseline,Kalikoto,1,Teluk Mayalibit MPA,1,Baseline,0.530371799,3.5,3.16625,4.666451613,0.689230769,12.84375,41.625,0.96875
18,5,2 Year Post,Kalikoto,1,Teluk Mayalibit MPA,1,2 Year Post,0.473475214,2.257142857,3.359714286,4.047714286,0.995862069,12.85714286,46.62857143,0.914285714
19,5,4 Year Post,Kalikoto,1,Teluk Mayalibit MPA,1,4 Year Post,0.495207872,3.16,3.666,4.0016,0.76625,25.88,46.48,0.92
20,5,7 Year Post,Kalikoto,1,Teluk Mayalibit MPA,1,7 Year Post,0.357746782,3.045454545,3.417272727,3.787727273,0.533333333,17.40909091,44.18181818,0.954545455
21,6,Baseline,Lopintol,1,Teluk Mayalibit MPA,1,Baseline,0.441133255,2.944444444,2.932777778,4.722777778,0.811538462,26.4375,40.82352941,0.777777778
22,6,2 Year Post,Lopintol,1,Teluk Mayalibit MPA,1,2 Year Post,0.479214496,2.866666667,3.435333333,4.144,0.738888889,25.13333333,43.4,0.8
23,6,4 Year Post,Lopintol,1,Teluk Mayalibit MPA,1,4 Year Post,0.669121202,3.142857143,4.333571429,3.94,0.727777778,28.35714286,45.07142857,0.857142857
24,6,7 Year Post,Lopintol,1,Teluk Mayalibit MPA,1,7 Year Post,0.564098502,3.277777778,3.992222222,3.941111111,0.75,31.61111111,48.94444444,0.777777778
25,7,Baseline,Mumes,1,Teluk Mayalibit MPA,1,Baseline,0.442937842,3.375,3.5875,4.90375,0.5,14,47.625,0.625
26,7,2 Year Post,Mumes,1,Teluk Mayalibit MPA,1,2 Year Post,0.369265994,2.5,2.853,3.95,0.125,17.4,53.8,0.7
27,7,4 Year Post,Mumes,1,Teluk Mayalibit MPA,1,4 Year Post,0.546383028,2.9,4.034,4.1,0.75,15.9,46.7,0.9
28,7,7 Year Post,Mumes,1,Teluk Mayalibit MPA,1,7 Year Post,0.424362123,2.6,3.484,3.727,1,21.3,59.8,0.6
29,8,Baseline,Waifoi,1,Teluk Mayalibit MPA,1,Baseline,0.370285779,3.526315789,3.287894737,4.473684211,0.628461538,24.73684211,39.41176471,0.894736842
30,8,2 Year Post,Waifoi,1,Teluk Mayalibit MPA,1,2 Year Post,0.470573448,2.863636364,2.737272727,4.083636364,0.955333333,32.31818182,43.54545455,0.909090909
31,8,4 Year Post,Waifoi,1,Teluk Mayalibit MPA,1,4 Year Post,0.581776462,3.666666667,3.843333333,4.037777778,0.901538462,33.29411765,45.66666667,0.944444444
32,8,7 Year Post,Waifoi,1,Teluk Mayalibit MPA,1,7 Year Post,0.430748775,2.523809524,4.031428571,3.864761905,0.926875,34.9047619,44.85714286,1
33,9,Baseline,Warsamdin,1,Teluk Mayalibit MPA,1,Baseline,0.462610118,2.735849057,3.794716981,4.541886792,0.817317073,27,41.8490566,0.886792453
34,9,2 Year Post,Warsamdin,1,Teluk Mayalibit MPA,1,2 Year Post,0.456281312,2.265306122,3.288367347,3.989795918,0.949268293,22.67346939,43.55102041,0.93877551
35,9,4 Year Post,Warsamdin,1,Teluk Mayalibit MPA,1,4 Year Post,0.532738299,2.466666667,3.314222222,3.907555556,0.89725,25.44444444,43.29545455,0.8
36,9,7 Year Post,Warsamdin,1,Teluk Mayalibit MPA,1,7 Year Post,0.422281241,2.020408163,3.516530612,3.942857143,0.796666667,23.85714286,43.32653061,0.87755102
37,10,Baseline,Wenook/Waremak,1,Teluk Mayalibit MPA,1,Baseline,0.500949419,3,3.084444444,4.602222222,0.615384615,10.64705882,41.82352941,0.944444444
38,10,2 Year Post,Wenook/Waremak,1,Teluk Mayalibit MPA,1,2 Year Post,0.539414869,2.555555556,2.806666667,4.088235294,0.844666667,12.55555556,46.83333333,0.888888889
39,10,4 Year Post,Wenook/Waremak,1,Teluk Mayalibit MPA,1,4 Year Post,0.584671316,2.5,3.56625,3.875625,0.857142857,10.4375,38.375,0.875
40,10,7 Year Post,Wenook/Waremak,1,Teluk Mayalibit MPA,1,7 Year Post,0.563656218,2.473684211,4.151052632,3.81,0.7225,14.26315789,43.52631579,0.947368421
41,11,Baseline,Yensner,1,Teluk Mayalibit MPA,1,Baseline,0.536014739,3.714285714,2.907352941,4.804571429,0.911034483,21.05882353,41.66666667,0.914285714
42,11,2 Year Post,Yensner,1,Teluk Mayalibit MPA,1,2 Year Post,0.532655041,2.4,3.036,4.025,0.950740741,20.3,42.89473684,0.925
43,11,4 Year Post,Yensner,1,Teluk Mayalibit MPA,1,4 Year Post,0.582928862,3.447368421,3.178157895,3.961052632,0.81483871,30.07894737,44.13888889,0.947368421
44,11,7 Year Post,Yensner,1,Teluk Mayalibit MPA,1,7 Year Post,0.494113043,3.12195122,3.217560976,3.695853659,0.783928571,29,42.43902439,0.975609756
45,12,Baseline,Kabui,1,Teluk Mayalibit MPA,0,Baseline,0.52151153,2.894736842,2.467368421,4.815,0.938333333,28.70588235,44,0.842105263
46,12,2 Year Post,Kabui,1,Teluk Mayalibit MPA,0,2 Year Post,0.526459876,2.407407407,2.85037037,3.950740741,0.862105263,20.96153846,45.23076923,0.851851852
47,12,4 Year Post,Kabui,1,Teluk Mayalibit MPA,0,4 Year Post,0.443116378,2.321428571,3.374285714,3.963928571,0.822,21.81481481,47.88,0.892857143
48,12,7 Year Post,Kabui,1,Teluk Mayalibit MPA,0,7 Year Post,0.315544261,2.696969697,2.725151515,3.9328125,0.919642857,22.3030303,44.39393939,0.939393939
49,13,Baseline,Kapidiri,1,Teluk Mayalibit MPA,0,Baseline,0.632011034,3.088235294,2.903529412,4.548823529,0.673103448,26.29411765,38.55882353,1
50,13,2 Year Post,Kapidiri,1,Teluk Mayalibit MPA,0,2 Year Post,0.688093793,2.404761905,3.295952381,4.007857143,0.9196875,30.80487805,43.88095238,0.833333333
51,13,4 Year Post,Kapidiri,1,Teluk Mayalibit MPA,0,4 Year Post,0.703021578,2.842105263,3.387368421,3.895263158,0.916666667,29.18421053,40.89473684,0.947368421
52,13,7 Year Post,Kapidiri,1,Teluk Mayalibit MPA,0,7 Year Post,0.668140236,2.6,3.6125,3.6415,0.948888889,39.15,44.4,0.95
53,15,Baseline,Bawei,2,Teluk Cenderawasih NP,1,Baseline,0.404971441,3.37037037,2.999259259,4.235555556,0.673684211,30.44444444,41.2962963,0.851851852
54,15,2 Year Post,Bawei,2,Teluk Cenderawasih NP,1,2 Year Post,0.489469475,2.5,2.928,4.001,0.8075,23.7,37.66666667,1
55,15,4 Year Post,Bawei,2,Teluk Cenderawasih NP,1,4 Year Post,0.474818725,2.2,3.752,4.033,0.9475,35.4,45.9,1
56,15,7 Year Post,Bawei,2,Teluk Cenderawasih NP,1,7 Year Post,0.455380946,2.4,2.943,3.965,0.944444444,27.4,52.3,1
57,16,Baseline,Goni,2,Teluk Cenderawasih NP,1,Baseline,0.344280183,4.25,3.196071429,4.3275,0.623478261,30.20689655,42.4137931,0.896551724
58,16,2 Year Post,Goni,2,Teluk Cenderawasih NP,1,2 Year Post,0.489970416,2.846153846,3.736153846,4.064615385,0.669166667,31.15384615,43.61538462,1
59,16,4 Year Post,Goni,2,Teluk Cenderawasih NP,1,4 Year Post,0.491057736,3.076923077,3.285384615,3.943846154,0.494166667,34.15384615,43.30769231,0.923076923
60,16,7 Year Post,Goni,2,Teluk Cenderawasih NP,1,7 Year Post,0.377250129,2.461538462,3.624615385,4.115384615,0.951666667,30.07692308,40.92307692,0.923076923
61,17,Baseline,Masipawa,2,Teluk Cenderawasih NP,0,Baseline,0.462149739,3.52,3.123333333,4.2604,0.868095238,34.4,46.45833333,0.96
62,17,2 Year Post,Masipawa,2,Teluk Cenderawasih NP,0,2 Year Post,0.60725532,2.714285714,3.236428571,3.905,0.840769231,33.28571429,48.07142857,1
63,17,4 Year Post,Masipawa,2,Teluk Cenderawasih NP,0,4 Year Post,0.642620267,2.5,3.662857143,4.275,0.721538462,36.92857143,46.85714286,0.857142857
64,17,7 Year Post,Masipawa,2,Teluk Cenderawasih NP,0,7 Year Post,0.630899951,2.142857143,4.243571429,4.072142857,0.78,39.07142857,53,0.785714286
65,18,Baseline,Masyarah,2,Teluk Cenderawasih NP,0,Baseline,0.560862499,3.7,3.058,4.317,0.9175,40.3,44.9,0.9
66,18,2 Year Post,Masyarah,2,Teluk Cenderawasih NP,0,2 Year Post,0.67877058,3.6,3.808,4.167,0.81375,19.6,40.6,1
67,18,4 Year Post,Masyarah,2,Teluk Cenderawasih NP,0,4 Year Post,0.669864557,1.8,3.89,4.034,0.875,32.4,52.5,0.9
68,18,7 Year Post,Masyarah,2,Teluk Cenderawasih NP,0,7 Year Post,0.738225805,2.1,3.64,4.083,0.857142857,20.9,52.6,0.8
69,20,Baseline,Napan,2,Teluk Cenderawasih NP,0,Baseline,0.370984381,3.162162162,2.396571429,4.275135135,0.821470588,39.38461538,46.74358974,0.794871795
70,20,2 Year Post,Napan,2,Teluk Cenderawasih NP,0,2 Year Post,0.556531035,2,3.548333333,4.099444444,0.877333333,30.38888889,47.82352941,0.833333333
71,20,4 Year Post,Napan,2,Teluk Cenderawasih NP,0,4 Year Post,0.564377129,2.111111111,3.429444444,4.008888889,1,36.38888889,47.35294118,0.882352941
72,20,7 Year Post,Napan,2,Teluk Cenderawasih NP,0,7 Year Post,0.63552466,2.833333333,4.095555556,4.122777778,0.9375,36.83333333,46,1
73,21,Baseline,Napan Yaur,2,Teluk Cenderawasih NP,1,Baseline,0.447164214,4.222222222,3.117222222,4.306111111,0.682941176,42,46.33333333,0.777777778
74,21,2 Year Post,Napan Yaur,2,Teluk Cenderawasih NP,1,2 Year Post,0.576108997,2.6,3.267,3.933,0.6125,34.2,50,1
75,21,4 Year Post,Napan Yaur,2,Teluk Cenderawasih NP,1,4 Year Post,0.508783242,2.222222222,3.424444444,4.167777778,0.442857143,40.33333333,48.22222222,0.777777778
76,21,7 Year Post,Napan Yaur,2,Teluk Cenderawasih NP,1,7 Year Post,0.350971881,3.3,4.255,4.118,0.817777778,34.4,42,0.7
77,22,Baseline,Noridwar,2,Teluk Cenderawasih NP,1,Baseline,0.385555186,3.875,1.27,4.44125,1,27.875,36.625,0.75
78,22,2 Year Post,Noridwar,2,Teluk Cenderawasih NP,1,2 Year Post,0.54943199,3,2.602,3.816,0.81,35.8,44.7,0.9
79,22,4 Year Post,Noridwar,2,Teluk Cenderawasih NP,1,4 Year Post,0.633701298,2.571428571,3.278571429,4.048571429,0.85,29.28571429,37.14285714,1
80,22,7 Year Post,Noridwar,2,Teluk Cenderawasih NP,1,7 Year Post,0.510593917,4.1,4.129,3.834,0.952857143,26.6,37.9,1
81,23,Baseline,Pakreki,2,Teluk Cenderawasih NP,0,Baseline,0.374407092,3.6,2.460344828,4.290967742,0.764642857,37.59375,45.28125,0.875
82,23,2 Year Post,Pakreki,2,Teluk Cenderawasih NP,0,2 Year Post,0.416737087,2.571428571,3.514761905,4.096666667,0.886666667,35.95,45.55,0.952380952
83,23,4 Year Post,Pakreki,2,Teluk Cenderawasih NP,0,4 Year Post,0.561763638,1.761904762,3.839047619,4.071904762,0.880588235,37.23809524,47.80952381,0.857142857
84,23,7 Year Post,Pakreki,2,Teluk Cenderawasih NP,0,7 Year Post,0.552774564,2.047619048,4.163809524,4.166666667,0.937058824,38.0952381,48.3,0.9
85,24,Baseline,Rawar,2,Teluk Cenderawasih NP,0,Baseline,0.362720562,3.1,3.262,3.981111111,0.88,36.88888889,49.22222222,0.9
86,24,2 Year Post,Rawar,2,Teluk Cenderawasih NP,0,2 Year Post,0.474927527,2.5,3.347,4.07,0.642857143,20.9,43.55555556,0.9
87,24,4 Year Post,Rawar,2,Teluk Cenderawasih NP,0,4 Year Post,0.456708576,1.6,3.679,4.116,0.71,15.8,44.5,0.9
88,24,7 Year Post,Rawar,2,Teluk Cenderawasih NP,0,7 Year Post,0.576092964,2.3,3.638,4.283,0.90125,30.1,46.5,0.9
89,25,Baseline,Waprak/Saref,2,Teluk Cenderawasih NP,1,Baseline,0.471895514,3.647058824,2.790588235,4.294705882,0.804,36.76470588,42.82352941,0.941176471
90,25,2 Year Post,Waprak/Saref,2,Teluk Cenderawasih NP,1,2 Year Post,0.464640461,2.923076923,3.508461538,3.633076923,0.822727273,28.27272727,42.25,0.923076923
91,25,4 Year Post,Waprak/Saref,2,Teluk Cenderawasih NP,1,4 Year Post,0.506450399,2.846153846,3.957692308,4.013076923,0.97,35,43.61538462,1
92,25,7 Year Post,Waprak/Saref,2,Teluk Cenderawasih NP,1,7 Year Post,0.579987576,3.538461538,3.914615385,3.858461538,0.772727273,29.61538462,47.07692308,0.846153846
93,26,Baseline,Saribi,2,Teluk Cenderawasih NP,0,Baseline,0.398085587,3.105263158,3.107058824,4.22,0.8125,33,44.26315789,1
94,26,2 Year Post,Saribi,2,Teluk Cenderawasih NP,0,2 Year Post,0.574942029,2.916666667,3.398333333,4.121818182,0.863333333,39.18181818,49.09090909,0.916666667
95,26,4 Year Post,Saribi,2,Teluk Cenderawasih NP,0,4 Year Post,0.541900085,1.666666667,3.530833333,4.068333333,0.75,36.91666667,45,0.833333333
96,26,7 Year Post,Saribi,2,Teluk Cenderawasih NP,0,7 Year Post,0.54401403,2,4.450833333,4.110833333,0.8,26.83333333,49.08333333,0.916666667
97,27,Baseline,Syeiwar,2,Teluk Cenderawasih NP,1,Baseline,0.254206955,4,3.15625,4.3325,0.43,35.375,37.875,1
98,27,2 Year Post,Syeiwar,2,Teluk Cenderawasih NP,1,2 Year Post,0.603163129,3.5,2.796,3.65,0.788888889,16.3,37.3,1
99,27,4 Year Post,Syeiwar,2,Teluk Cenderawasih NP,1,4 Year Post,0.543593707,2.9,3.71,4.034,0.511666667,25.3,42.8,1
100,27,7 Year Post,Syeiwar,2,Teluk Cenderawasih NP,1,7 Year Post,0.52677529,3.4,3.306,3.849,0.9,22.6,37.7,1
101,28,Baseline,Supmander,2,Teluk Cenderawasih NP,0,Baseline,0.627587907,2.857142857,2.875384615,4.218461538,0.736363636,29.07142857,40.57142857,1
102,28,2 Year Post,Supmander,2,Teluk Cenderawasih NP,0,2 Year Post,0.653943033,3,2.897,4.017,0.792,20.9,46.1,1
103,28,4 Year Post,Supmander,2,Teluk Cenderawasih NP,0,4 Year Post,0.614378089,1.9,4.02,3.917,0.987777778,24.6,40.5,1
104,28,7 Year Post,Supmander,2,Teluk Cenderawasih NP,0,7 Year Post,0.663785974,1.9,3.685,4.016,0.935555556,15.7,42,1
105,29,Baseline,Wansra/Wansa,2,Teluk Cenderawasih NP,0,Baseline,0.532259646,3.692307692,2.846666667,4.320769231,0.689166667,36.07692308,48.30769231,0.923076923
106,29,2 Year Post,Wansra/Wansa,2,Teluk Cenderawasih NP,0,2 Year Post,0.472772483,3.454545455,2.892727273,4.045454545,0.907777778,39.81818182,47,0.909090909
107,29,4 Year Post,Wansra/Wansa,2,Teluk Cenderawasih NP,0,4 Year Post,0.536435183,1.818181818,3.729090909,3.954545455,1,33.72727273,47,1
108,29,7 Year Post,Wansra/Wansa,2,Teluk Cenderawasih NP,0,7 Year Post,0.508147135,2.545454545,4.371818182,4.13,0.70875,27,44.7,1
109,30,Baseline,Weinami,2,Teluk Cenderawasih NP,0,Baseline,0.421374786,3.276595745,3.210697674,4.297391304,0.877948718,40.08333333,45.9375,0.854166667
110,30,2 Year Post,Weinami,2,Teluk Cenderawasih NP,0,2 Year Post,0.5284711,3.052631579,3.946842105,4.024736842,0.764705882,37.05263158,46.42105263,0.894736842
111,30,4 Year Post,Weinami,2,Teluk Cenderawasih NP,0,4 Year Post,0.590668155,2.157894737,4.062631579,4.134210526,0.966875,32.05263158,43.89473684,1
112,30,7 Year Post,Weinami,2,Teluk Cenderawasih NP,0,7 Year Post,0.596227603,2.263157895,4.093684211,4.05,0.738571429,37.42105263,50.52631579,0.894736842
113,31,Baseline,Weititindau,2,Teluk Cenderawasih NP,1,Baseline,0.439979736,3.2,2.455,4.217,0.135,38.1,38.8,1
114,31,2 Year Post,Weititindau,2,Teluk Cenderawasih NP,1,2 Year Post,0.587051826,2.25,3.545,3.855,0.642857143,37,40.125,0.875
115,31,4 Year Post,Weititindau,2,Teluk Cenderawasih NP,1,4 Year Post,0.42250697,2.2,3.338,4.134,1,41.2,49.6,1
116,31,7 Year Post,Weititindau,2,Teluk Cenderawasih NP,1,7 Year Post,0.300060267,3.6,4.034,3.8,1,13.5,32.7,1
117,32,Baseline,Yariyari,2,Teluk Cenderawasih NP,1,Baseline,0.378367584,2.928571429,2.7,4.393571429,0.641818182,31.07142857,46.35714286,1
118,32,2 Year Post,Yariyari,2,Teluk Cenderawasih NP,1,2 Year Post,0.38426055,2.166666667,3.688333333,3.958333333,0.735,34.66666667,41.33333333,0.916666667
119,32,4 Year Post,Yariyari,2,Teluk Cenderawasih NP,1,4 Year Post,0.309936031,2.1,4.129,4.017,0.64625,28.8,46.2,0.8
120,32,7 Year Post,Yariyari,2,Teluk Cenderawasih NP,1,7 Year Post,0.478713056,3.444444444,4.7,3.792222222,0.7325,30.55555556,43.88888889,0.888888889
121,33,Baseline,Yembepon,2,Teluk Cenderawasih NP,0,Baseline,0.439267652,3.714285714,1.983571429,4.273571429,0.861666667,32.46666667,41.8,0.933333333
122,33,2 Year Post,Yembepon,2,Teluk Cenderawasih NP,0,2 Year Post,0.591330625,2.727272727,3.218181818,3.931818182,0.875,41.45454545,49.90909091,1
123,33,4 Year Post,Yembepon,2,Teluk Cenderawasih NP,0,4 Year Post,0.493017291,2,3.496,4.066,1,33,49.9,1
124,33,7 Year Post,Yembepon,2,Teluk Cenderawasih NP,0,7 Year Post,0.455614143,1.9,3.26,4.034,0.71875,11.9,51.5,0.888888889
125,34,Baseline,Yembikiri II,2,Teluk Cenderawasih NP,1,Baseline,0.541863191,2.25,3.075,4.28125,0.854375,39.125,46.9375,0.9375
126,34,2 Year Post,Yembikiri II,2,Teluk Cenderawasih NP,1,2 Year Post,0.619440477,2.75,2.531666667,3.863333333,0.898888889,24.72727273,43,0.916666667
127,34,4 Year Post,Yembikiri II,2,Teluk Cenderawasih NP,1,4 Year Post,0.579962813,1.583333333,4.19,3.93,0.977272727,33.58333333,45.08333333,0.916666667
128,34,7 Year Post,Yembikiri II,2,Teluk Cenderawasih NP,1,7 Year Post,0.611682313,3.416666667,3.8325,3.624166667,1,39.41666667,45.16666667,1
129,35,Baseline,Yenbeba,2,Teluk Cenderawasih NP,0,Baseline,0.306029218,4.090909091,3.573,4.245454545,0.71875,40.58333333,50.83333333,0.916666667
130,35,2 Year Post,Yenbeba,2,Teluk Cenderawasih NP,0,2 Year Post,0.496369169,3,3.396666667,3.963333333,0.8,37.33333333,45.55555556,0.888888889
131,35,4 Year Post,Yenbeba,2,Teluk Cenderawasih NP,0,4 Year Post,0.544034258,2.3,3.674,4.117,0.875,40.3,48.1,1
132,35,7 Year Post,Yenbeba,2,Teluk Cenderawasih NP,0,7 Year Post,0.575226227,1.8,3.657,3.858888889,0.905555556,26.8,42.3,1
133,36,Baseline,Yeretuar,2,Teluk Cenderawasih NP,1,Baseline,0.312749585,3.947368421,2.242105263,4.239189189,0.787575758,26.34210526,40.68421053,1
134,36,2 Year Post,Yeretuar,2,Teluk Cenderawasih NP,1,2 Year Post,0.535142363,3.0625,2.6925,3.999375,0.792142857,37.375,43.5625,1
135,36,4 Year Post,Yeretuar,2,Teluk Cenderawasih NP,1,4 Year Post,0.499950684,1.75,3.465625,3.905,0.859230769,35.1875,41.3125,1
136,36,7 Year Post,Yeretuar,2,Teluk Cenderawasih NP,1,7 Year Post,0.488773411,2.75,3.82625,4.123125,0.8375,32.9375,43.5,1
137,37,Baseline,Yomakan,2,Teluk Cenderawasih NP,1,Baseline,0.40740158,3.19047619,2.047272727,3.992272727,0.94047619,35.36363636,43.85714286,0.952380952
138,37,2 Year Post,Yomakan,2,Teluk Cenderawasih NP,1,2 Year Post,0.447224308,3.615384615,3.579230769,3.935384615,0.791666667,36.53846154,45.30769231,0.923076923
139,37,4 Year Post,Yomakan,2,Teluk Cenderawasih NP,1,4 Year Post,0.573359779,2.384615385,3.753846154,4.026153846,0.801818182,33.15384615,44.30769231,0.769230769
140,37,7 Year Post,Yomakan,2,Teluk Cenderawasih NP,1,7 Year Post,0.49517175,3.307692308,4.333846154,3.686923077,0.947272727,34.15384615,47,0.923076923
141,38,Baseline,Yomber,2,Teluk Cenderawasih NP,1,Baseline,0.264034628,3.1,2.1305,4.3585,0.740625,39.15,48.05,0.8
142,38,2 Year Post,Yomber,2,Teluk Cenderawasih NP,1,2 Year Post,0.540512436,3.083333333,2.706666667,3.834166667,0.817,35.63636364,42.18181818,0.833333333
143,38,4 Year Post,Yomber,2,Teluk Cenderawasih NP,1,4 Year Post,0.524395069,2.416666667,3.796666667,4.000833333,0.917,39.83333333,48.5,0.833333333
144,38,7 Year Post,Yomber,2,Teluk Cenderawasih NP,1,7 Year Post,0.340317773,3.583333333,4.031666667,3.819166667,0.91,37.08333333,44.58333333,1
145,39,Baseline,Balal/Dibalal,4,Kofiau dan Pulau  Boo MPA,1,Baseline,0.478208257,3.022727273,2.750454545,4.195454545,0.732727273,33.13636364,44.28571429,0.953488372
146,39,2 Year Post,Balal/Dibalal,4,Kofiau dan Pulau  Boo MPA,1,2 Year Post,0.434058971,2.613636364,3.0775,4.0225,0.817272727,34.47619048,45.28571429,0.909090909
147,39,4 Year Post,Balal/Dibalal,4,Kofiau dan Pulau  Boo MPA,1,4 Year Post,0.41558516,2.204545455,3.547727273,4.011363636,0.847297297,35.04545455,46.77272727,0.931818182
148,39,7 Year Post,Balal/Dibalal,4,Kofiau dan Pulau  Boo MPA,1,7 Year Post,0.422418709,2,3.775227273,4.205,0.807647059,43.38636364,48.93181818,0.931818182
149,40,Baseline,Deer,4,Kofiau dan Pulau  Boo MPA,1,Baseline,0.436969423,2.588235294,2.854313725,4.068431373,0.915897436,37.25490196,45.55319149,0.980392157
150,40,2 Year Post,Deer,4,Kofiau dan Pulau  Boo MPA,1,2 Year Post,0.529741885,2.384615385,3.440576923,3.948039216,0.943243243,42.05882353,47.95744681,0.923076923
151,40,4 Year Post,Deer,4,Kofiau dan Pulau  Boo MPA,1,4 Year Post,0.539045148,1.92,3.7518,4.014285714,0.953421053,36,42.32,1
152,40,7 Year Post,Deer,4,Kofiau dan Pulau  Boo MPA,1,7 Year Post,0.48160148,1.843137255,4.035686275,4.204117647,0.883953488,37.35294118,44.82352941,0.941176471
153,41,Baseline,Mikiran,4,Kofiau dan Pulau  Boo MPA,1,Baseline,0.526281085,3.230769231,3.083076923,4.013076923,0.85,11.2,36.41666667,1
154,41,2 Year Post,Mikiran,4,Kofiau dan Pulau  Boo MPA,1,2 Year Post,0.564406377,3,3.375384615,3.923076923,0.815555556,14,43.69230769,0.923076923
155,41,4 Year Post,Mikiran,4,Kofiau dan Pulau  Boo MPA,1,4 Year Post,0.48262164,1.615384615,3.491538462,3.859230769,0.893,7.153846154,39.61538462,0.923076923
156,41,7 Year Post,Mikiran,4,Kofiau dan Pulau  Boo MPA,1,7 Year Post,0.604780051,1.923076923,3.913076923,4.102307692,0.788181818,13,40.46153846,1
157,42,Baseline,Tolobi,4,Kofiau dan Pulau  Boo MPA,1,Baseline,0.43437311,2.774193548,2.35,4.116774194,0.83,27.78571429,37.28,0.967741935
158,42,2 Year Post,Tolobi,4,Kofiau dan Pulau  Boo MPA,1,2 Year Post,0.419038888,2.580645161,2.943870968,3.876129032,0.851428571,32.42857143,43.88461538,0.935483871
159,42,4 Year Post,Tolobi,4,Kofiau dan Pulau  Boo MPA,1,4 Year Post,0.387761887,2.451612903,3.429032258,4.031935484,0.72375,41.25806452,46.22580645,0.870967742
160,42,7 Year Post,Tolobi,4,Kofiau dan Pulau  Boo MPA,1,7 Year Post,0.394231549,2.064516129,3.986129032,4.081290323,0.618421053,36.96774194,45.83870968,0.967741935
161,43,Baseline,Pulau Tikus,4,Kofiau dan Pulau  Boo MPA,0,Baseline,0.40366102,3.125,1.546875,4.029375,0.877,18.07142857,39.42857143,0.875
162,43,2 Year Post,Pulau Tikus,4,Kofiau dan Pulau  Boo MPA,0,2 Year Post,0.3291194,2.6875,2.26875,3.916875,0.906666667,29.6875,41.06666667,0.8125
163,43,4 Year Post,Pulau Tikus,4,Kofiau dan Pulau  Boo MPA,0,4 Year Post,0.351093993,1.625,3.05,4.01125,0.833636364,30.625,44.8125,1
164,43,7 Year Post,Pulau Tikus,4,Kofiau dan Pulau  Boo MPA,0,7 Year Post,0.305895039,2.125,2.9575,4.08,0.744375,27.4,49.875,0.9375
165,44,Baseline,Satukurano,4,Kofiau dan Pulau  Boo MPA,0,Baseline,0.224965131,2.882352941,1.835882353,4.052941176,0.465555556,31.8,41.33333333,0.941176471
166,44,2 Year Post,Satukurano,4,Kofiau dan Pulau  Boo MPA,0,2 Year Post,0.233373745,2.818181818,2.462727273,3.954545455,0.315,42.90909091,52.36363636,0.818181818
167,44,4 Year Post,Satukurano,4,Kofiau dan Pulau  Boo MPA,0,4 Year Post,0.433748766,1.333333333,3.573333333,4,0.75,35.33333333,52.33333333,0.666666667
168,44,7 Year Post,Satukurano,4,Kofiau dan Pulau  Boo MPA,0,7 Year Post,0.372202047,1.75,3.78625,4.094375,0.9,21.875,47.875,0.9375
169,45,Baseline,Wejim Barat,4,Kofiau dan Pulau  Boo MPA,0,Baseline,0.469647888,2.083333333,2.37875,4.065625,0.871621622,15.20833333,43.68181818,0.895833333
170,45,2 Year Post,Wejim Barat,4,Kofiau dan Pulau  Boo MPA,0,2 Year Post,0.369234729,2,3.068125,3.861041667,0.8903125,16.77083333,47.53191489,0.666666667
171,45,4 Year Post,Wejim Barat,4,Kofiau dan Pulau  Boo MPA,0,4 Year Post,0.443835762,1.333333333,3.534583333,3.951458333,0.868611111,18.79166667,47.625,0.791666667
172,45,7 Year Post,Wejim Barat,4,Kofiau dan Pulau  Boo MPA,0,7 Year Post,0.485169072,1.744680851,4.220425532,4.224255319,0.745945946,25.85106383,51.25531915,0.765957447
173,46,Baseline,Wejim Timur,4,Kofiau dan Pulau  Boo MPA,0,Baseline,0.484516954,2.058823529,2.7268,4.061764706,0.851714286,15.88,48.46666667,0.882352941
174,46,2 Year Post,Wejim Timur,4,Kofiau dan Pulau  Boo MPA,0,2 Year Post,0.431868673,2.56,3.1424,4.0364,0.883846154,21.22,47.14,0.92
175,46,4 Year Post,Wejim Timur,4,Kofiau dan Pulau  Boo MPA,0,4 Year Post,0.451046228,1.333333333,3.673148148,4.006481481,0.775531915,22.90740741,47.51851852,0.87037037
176,46,7 Year Post,Wejim Timur,4,Kofiau dan Pulau  Boo MPA,0,7 Year Post,0.483497576,1.653846154,4.287115385,4.159615385,0.920731707,22.82692308,50.25,0.826923077
177,47,Baseline,Biga,6,Misool Selatan Timur MPA,1,Baseline,0.217610706,2.769230769,1.452307692,4.050769231,0.736666667,42.53846154,45.46153846,1
178,47,2 Year Post,Biga,6,Misool Selatan Timur MPA,1,2 Year Post,0.177473406,2.923076923,2.915384615,4.026153846,0.778333333,40.23076923,40.91666667,1
179,47,4 Year Post,Biga,6,Misool Selatan Timur MPA,1,4 Year Post,0.202813673,2.923076923,3.532307692,4.038461538,0.770833333,41.07692308,49.53846154,1
180,47,7 Year Post,Biga,6,Misool Selatan Timur MPA,1,7 Year Post,0.438617371,1.538461538,3.992307692,3.961538462,0.742,34.76923077,45.84615385,1
181,48,Baseline,Dabatan,6,Misool Selatan Timur MPA,1,Baseline,0.515421906,1.4,2.396666667,3.66,0.819166667,4.266666667,39.93333333,1
182,48,2 Year Post,Dabatan,6,Misool Selatan Timur MPA,1,2 Year Post,0.441659259,2.2,2.765,4.122666667,0.758181818,4.266666667,37.84615385,0.923076923
183,48,4 Year Post,Dabatan,6,Misool Selatan Timur MPA,1,4 Year Post,0.543959713,1.8,3.726,3.878,0.858333333,6.4,38.8,0.933333333
184,48,7 Year Post,Dabatan,6,Misool Selatan Timur MPA,1,7 Year Post,0.484457759,2.266666667,2.542,3.593333333,0.922857143,12.13333333,40,1
185,49,Baseline,Fanfalap,6,Misool Selatan Timur MPA,1,Baseline,0.46618264,2.5,2.936923077,3.993461538,0.924761905,43.34615385,47.80769231,1
186,49,2 Year Post,Fanfalap,6,Misool Selatan Timur MPA,1,2 Year Post,0.541812151,2,3.3616,4.140384615,0.827368421,41.19230769,53.5,0.769230769
187,49,4 Year Post,Fanfalap,6,Misool Selatan Timur MPA,1,4 Year Post,0.490983138,1.653846154,3.635,4.241923077,0.906818182,39.69230769,52.11538462,0.807692308
188,49,7 Year Post,Fanfalap,6,Misool Selatan Timur MPA,1,7 Year Post,0.463404979,1.384615385,3.743846154,3.905,0.8445,35.73076923,47.03846154,0.923076923
189,50,Baseline,Gamta,6,Misool Selatan Timur MPA,1,Baseline,0.636349996,2.111111111,2.438888889,4,0.90625,28.11111111,38.33333333,1
190,50,2 Year Post,Gamta,6,Misool Selatan Timur MPA,1,2 Year Post,0.513264244,2.1,3.33,3.952,0.6775,30.9,43.9,0.9
191,50,4 Year Post,Gamta,6,Misool Selatan Timur MPA,1,4 Year Post,0.45638353,1.5,3.657,4.2,1,20.9,35.88888889,1
192,50,7 Year Post,Gamta,6,Misool Selatan Timur MPA,1,7 Year Post,0.459389933,1.4,3.772222222,3.967,0.875,31.7,44,0.8
193,51,Baseline,Harapan Jaya,6,Misool Selatan Timur MPA,1,Baseline,0.45906637,2.428571429,3.215,3.690714286,0.833333333,17.92857143,39.42857143,0.857142857
194,51,2 Year Post,Harapan Jaya,6,Misool Selatan Timur MPA,1,2 Year Post,0.444257747,2.571428571,3.158571429,3.966428571,0.879090909,13.92857143,39.71428571,0.928571429
195,51,4 Year Post,Harapan Jaya,6,Misool Selatan Timur MPA,1,4 Year Post,0.722280665,1.142857143,3.522142857,4.059285714,0.792857143,16.07142857,38.92857143,1
196,51,7 Year Post,Harapan Jaya,6,Misool Selatan Timur MPA,1,7 Year Post,0.526430644,1.714285714,3.257142857,4.095,0.717,22.57142857,47.78571429,0.857142857
197,52,Baseline,Kapatcol,6,Misool Selatan Timur MPA,1,Baseline,0.424754524,2.285714286,3.2,4,0.945,12.14285714,30.57142857,1
198,52,2 Year Post,Kapatcol,6,Misool Selatan Timur MPA,1,2 Year Post,0.485104677,3.2,3.238,3.9,0.942,18.8,36.4,0.9
199,52,4 Year Post,Kapatcol,6,Misool Selatan Timur MPA,1,4 Year Post,0.206788011,2.5,4.129,4.033,0.916666667,14.2,37.5,1
200,52,7 Year Post,Kapatcol,6,Misool Selatan Timur MPA,1,7 Year Post,0.330068709,2.9,4.174,3.863,0.8025,20.3,47.33333333,1
201,53,Baseline,Kareyepop,6,Misool Selatan Timur MPA,1,Baseline,0.403664572,1.714285714,3.597142857,4.024285714,0.87,5.428571429,37.28571429,1
202,53,2 Year Post,Kareyepop,6,Misool Selatan Timur MPA,1,2 Year Post,0.430118814,2.545454545,3.6,3.999090909,0.542857143,6.090909091,39.09090909,1
203,53,4 Year Post,Kareyepop,6,Misool Selatan Timur MPA,1,4 Year Post,0.485409602,1.7,2.553,4.084,0.728571429,6.8,28.4,0.9
204,53,7 Year Post,Kareyepop,6,Misool Selatan Timur MPA,1,7 Year Post,0.301677886,1.3,3.646,3.784,0.888888889,10.7,40.7,1
205,54,Baseline,Lilinta,6,Misool Selatan Timur MPA,1,Baseline,0.589776212,2.263157895,3.281052632,4.017894737,0.917222222,35.05263158,45.10526316,0.947368421
206,54,2 Year Post,Lilinta,6,Misool Selatan Timur MPA,1,2 Year Post,0.440630893,2.526315789,3.141578947,3.778421053,0.809411765,30.26315789,45.6875,0.944444444
207,54,4 Year Post,Lilinta,6,Misool Selatan Timur MPA,1,4 Year Post,0.440256505,1.947368421,3.696842105,4.236842105,0.916666667,34.15789474,47.10526316,0.736842105
208,54,7 Year Post,Lilinta,6,Misool Selatan Timur MPA,1,7 Year Post,0.553937285,1.894736842,3.405789474,4.007368421,0.928571429,37.52631579,48.05263158,0.842105263
209,55,Baseline,Magei,6,Misool Selatan Timur MPA,1,Baseline,0.275331063,2.571428571,0.424285714,4,0.666666667,31.71428571,39.71428571,0.714285714
210,55,2 Year Post,Magei,6,Misool Selatan Timur MPA,1,2 Year Post,0.429635578,2.9,2.356,4.117,0.96875,32.6,36.9,1
211,55,4 Year Post,Magei,6,Misool Selatan Timur MPA,1,4 Year Post,0.154421958,2.3,3.316,4.132,0.75,31.3,37.2,1
212,55,7 Year Post,Magei,6,Misool Selatan Timur MPA,1,7 Year Post,0.237126091,2,3.636,4.1,0.8125,21.22222222,38.2,0.9
213,56,Baseline,Tomolol,6,Misool Selatan Timur MPA,1,Baseline,0.291988919,1.880952381,2.654047619,3.944285714,0.821538462,37.57142857,39.69047619,0.976190476
214,56,2 Year Post,Tomolol,6,Misool Selatan Timur MPA,1,2 Year Post,0.381123885,2.512195122,3.150487805,3.963170732,0.758823529,37.80487805,44.46341463,1
215,56,4 Year Post,Tomolol,6,Misool Selatan Timur MPA,1,4 Year Post,0.322278858,2.341463415,3.473902439,4.048536585,0.874102564,36.63414634,44.75609756,0.975609756
216,56,7 Year Post,Tomolol,6,Misool Selatan Timur MPA,1,7 Year Post,0.320005697,1.547619048,4.111190476,3.847380952,0.827179487,41.64285714,45.5952381,0.952380952
217,57,Baseline,Usaha Jaya,6,Misool Selatan Timur MPA,1,Baseline,0.515519159,1.681818182,2.256818182,4.011818182,0.726428571,11.81818182,42.22727273,1
218,57,2 Year Post,Usaha Jaya,6,Misool Selatan Timur MPA,1,2 Year Post,0.535018357,1.636363636,2.997272727,3.873181818,0.84375,11.36363636,37.80952381,1
219,57,4 Year Post,Usaha Jaya,6,Misool Selatan Timur MPA,1,4 Year Post,0.494576288,1.636363636,3.746363636,3.970909091,0.801764706,13.77272727,40.72727273,1
220,57,7 Year Post,Usaha Jaya,6,Misool Selatan Timur MPA,1,7 Year Post,0.550966169,1.636363636,3.549090909,3.447727273,0.833333333,25.72727273,48.09090909,0.954545455
221,58,Baseline,Yellu,6,Misool Selatan Timur MPA,1,Baseline,0.462027437,2.075471698,2.677169811,3.856792453,0.640277778,19.09433962,39.01886792,0.962264151
222,58,2 Year Post,Yellu,6,Misool Selatan Timur MPA,1,2 Year Post,0.490869363,1.886792453,3.093207547,3.801132075,0.683953488,19.11320755,37.94117647,0.903846154
223,58,4 Year Post,Yellu,6,Misool Selatan Timur MPA,1,4 Year Post,0.492752263,1.603773585,3.774339623,4.08490566,0.793191489,18.28301887,38.73584906,0.962264151
224,58,7 Year Post,Yellu,6,Misool Selatan Timur MPA,1,7 Year Post,0.400950958,1.862745098,3.371509434,3.746981132,0.734347826,25.20754717,43.77358491,0.943396226
225,59,Baseline,Aduwei,6,Misool Selatan Timur MPA,0,Baseline,0.403222442,2.857142857,2.942142857,4.095714286,0.636666667,29.42857143,40,0.928571429
226,59,2 Year Post,Aduwei,6,Misool Selatan Timur MPA,0,2 Year Post,0.195472124,2.642857143,2.464615385,3.714285714,0.917272727,30.78571429,43.57142857,1
227,59,4 Year Post,Aduwei,6,Misool Selatan Timur MPA,0,4 Year Post,0.288604502,3.214285714,3.791428571,4.190714286,0.82,42.5,52.5,0.928571429
228,59,7 Year Post,Aduwei,6,Misool Selatan Timur MPA,0,7 Year Post,0.455353524,1.642857143,3.225714286,3.834285714,0.868333333,28.42857143,43.07142857,1
229,60,Baseline,Atkari,6,Misool Selatan Timur MPA,0,Baseline,0.484521112,2.086956522,3.205217391,4.170869565,0.627647059,25,43.26086957,1
230,60,2 Year Post,Atkari,6,Misool Selatan Timur MPA,0,2 Year Post,0.477562775,2.739130435,3.436086957,4.021304348,0.777777778,22.39130435,42,1
231,60,4 Year Post,Atkari,6,Misool Selatan Timur MPA,0,4 Year Post,0.446636184,1.739130435,3.602608696,4.173913043,0.878947368,32.04347826,48.7826087,0.913043478
232,60,7 Year Post,Atkari,6,Misool Selatan Timur MPA,0,7 Year Post,0.460580279,1.739130435,4.447826087,4.093478261,0.941428571,36.7826087,47.82608696,1
233,61,Baseline,Folley,6,Misool Selatan Timur MPA,0,Baseline,0.289889791,1.96,3.7364,3.9892,1,32.72,49.04,0.84
234,61,2 Year Post,Folley,6,Misool Selatan Timur MPA,0,2 Year Post,0.462074441,1.92,3.0876,3.9864,0.976190476,31.66666667,50.68,0.84
235,61,4 Year Post,Folley,6,Misool Selatan Timur MPA,0,4 Year Post,0.540253116,2.04,3.5404,4.0872,0.958571429,33.04,53.2,0.96
236,61,7 Year Post,Folley,6,Misool Selatan Timur MPA,0,7 Year Post,0.499097247,1.32,3.7892,3.8212,0.95,30.92,50.68,0.92
237,62,Baseline,Lenmalas,6,Misool Selatan Timur MPA,0,Baseline,0.271269352,2.066666667,2.960666667,4.240666667,0.853076923,31.93333333,48.2,1
238,62,2 Year Post,Lenmalas,6,Misool Selatan Timur MPA,0,2 Year Post,0.379371901,2.47826087,3.744545455,4.130869565,0.77,31.86956522,50,1
239,62,4 Year Post,Lenmalas,6,Misool Selatan Timur MPA,0,4 Year Post,0.380801759,1.913043478,3.381304348,4.182173913,0.936470588,35.04347826,46.59090909,1
240,62,7 Year Post,Lenmalas,6,Misool Selatan Timur MPA,0,7 Year Post,0.361067413,1.260869565,3.76,3.702608696,0.967368421,33.65217391,46.91304348,0.956521739
241,63,Baseline,Salafen,6,Misool Selatan Timur MPA,0,Baseline,0.383841506,1.666666667,2.731111111,3.977777778,0.95875,20.94444444,45.25,1
242,63,2 Year Post,Salafen,6,Misool Selatan Timur MPA,0,2 Year Post,0.497757947,2.555555556,3.3,4.055555556,0.95625,24.77777778,45.88235294,0.882352941
243,63,4 Year Post,Salafen,6,Misool Selatan Timur MPA,0,4 Year Post,0.434320516,1.833333333,3.493333333,4.019444444,0.928888889,29.5,48.05555556,0.944444444
244,63,7 Year Post,Salafen,6,Misool Selatan Timur MPA,0,7 Year Post,0.461764866,1.666666667,4.506111111,4.184444444,0.943846154,33.16666667,49.38888889,1
245,64,Baseline,Solal,6,Misool Selatan Timur MPA,0,Baseline,0.393595014,2.777777778,2.623333333,4.147777778,1,13.44444444,44,1
246,64,2 Year Post,Solal,6,Misool Selatan Timur MPA,0,2 Year Post,0.452937706,2.8,3.459,4.083,0.667142857,17.8,46.7,0.9
247,64,4 Year Post,Solal,6,Misool Selatan Timur MPA,0,4 Year Post,0.150529217,2.2,2.748,4.084,0.809,24.5,46.6,0.8
248,64,7 Year Post,Solal,6,Misool Selatan Timur MPA,0,7 Year Post,0.364193795,1.5,4.85,4.02,0.7875,31.2,48.4,0.8
249,65,Baseline,Waigama,6,Misool Selatan Timur MPA,0,Baseline,0.577106945,1.774193548,2.771290323,4.044333333,0.844827586,35.09677419,45.25806452,0.903225806
250,65,2 Year Post,Waigama,6,Misool Selatan Timur MPA,0,2 Year Post,0.639440643,2.129032258,3.63,4.075483871,0.963478261,32,45.16129032,1
251,65,4 Year Post,Waigama,6,Misool Selatan Timur MPA,0,4 Year Post,0.592517074,1,3.697741935,4.032580645,0.953703704,35.77419355,50.41935484,0.806451613
252,65,7 Year Post,Waigama,6,Misool Selatan Timur MPA,0,7 Year Post,0.529683639,1.387096774,3.794516129,4.155806452,0.948461538,33.5483871,48.90322581,0.870967742
253,66,Baseline,Mnier,5,Selat Dampier MPA,0,Baseline,0.516071691,3,2.336206897,3.892068966,0.780454545,29.68965517,41.82758621,0.931034483
254,66,2 Year Post,Mnier,5,Selat Dampier MPA,0,2 Year Post,0.593110517,2.785714286,3.488928571,3.975357143,0.819583333,29.82142857,41.66666667,0.928571429
255,66,4 Year Post,Mnier,5,Selat Dampier MPA,0,4 Year Post,0.565665562,1.904761905,3.243809524,3.761428571,0.833529412,35.76190476,42.80952381,0.952380952
256,66,7 Year Post,Mnier,5,Selat Dampier MPA,0,7 Year Post,0.517122373,2.421052632,3.793684211,4.342105263,0.864375,37.84210526,44.47368421,0.842105263
257,67,Baseline,Pupier,5,Selat Dampier MPA,0,Baseline,0.485327599,3.066666667,2.296666667,4.011666667,0.669090909,30.83333333,40.5,0.9
258,67,2 Year Post,Pupier,5,Selat Dampier MPA,0,2 Year Post,0.505280235,2.620689655,3.556551724,3.912413793,0.864210526,28,44.82142857,0.866666667
259,67,4 Year Post,Pupier,5,Selat Dampier MPA,0,4 Year Post,0.546202906,2.266666667,3.379666667,3.817333333,0.837272727,35.16666667,45.2,0.833333333
260,67,7 Year Post,Pupier,5,Selat Dampier MPA,0,7 Year Post,0.536992394,2.52,3.886,4.2928,0.860526316,35.72,47.88,0.8
261,68,Baseline,Urbinasopen,5,Selat Dampier MPA,0,Baseline,0.511852755,2.796875,2.88734375,4.032,0.927407407,33,43.3125,0.90625
262,68,2 Year Post,Urbinasopen,5,Selat Dampier MPA,0,2 Year Post,0.452780447,2.609375,3.3353125,4.0071875,0.946909091,32.1875,45.44262295,0.90625
263,68,4 Year Post,Urbinasopen,5,Selat Dampier MPA,0,4 Year Post,0.491392576,1.90625,3.626825397,3.70828125,0.905769231,37,47.25,0.890625
264,68,7 Year Post,Urbinasopen,5,Selat Dampier MPA,0,7 Year Post,0.387526742,2.209677419,3.756290323,4.176612903,0.941176471,36.08064516,48.64516129,0.887096774
265,69,Baseline,Kurkapa,5,Selat Dampier MPA,1,Baseline,0.515640969,3.1,3.213,3.716,0.828571429,24,42.3,1
266,69,2 Year Post,Kurkapa,5,Selat Dampier MPA,1,2 Year Post,0.390264807,2.8,2.894,3.916,0.62,19.9,43.5,0.9
267,69,4 Year Post,Kurkapa,5,Selat Dampier MPA,1,4 Year Post,0.499339245,1.3,3.636,3.966,0.85375,22.6,48.1,0.9
268,69,7 Year Post,Kurkapa,5,Selat Dampier MPA,1,7 Year Post,0.347434238,1.909090909,4.147272727,4.061818182,0.933333333,21.18181818,47.90909091,0.818181818
269,70,Baseline,Arborek,5,Selat Dampier MPA,1,Baseline,0.530860052,3.454545455,3.305454545,3.924545455,0.9,29.54545455,44,1
270,70,2 Year Post,Arborek,5,Selat Dampier MPA,1,2 Year Post,0.533257636,3.454545455,3.958181818,4.030909091,0.6775,26.54545455,50.09090909,0.909090909
271,70,4 Year Post,Arborek,5,Selat Dampier MPA,1,4 Year Post,0.47602394,1.454545455,3.091818182,4.044545455,0.734444444,26.09090909,47.54545455,1
272,70,7 Year Post,Arborek,5,Selat Dampier MPA,1,7 Year Post,0.468254394,1.583333333,4.365,4.494166667,0.95,29.58333333,47.66666667,0.916666667
273,71,Baseline,Sawinggrai,5,Selat Dampier MPA,1,Baseline,0.451218997,3,2.713571429,3.976428571,1,38.64285714,49.42857143,0.857142857
274,71,2 Year Post,Sawinggrai,5,Selat Dampier MPA,1,2 Year Post,0.560173244,3.142857143,3.278571429,4.094285714,0.981818182,39.69230769,48,0.928571429
275,71,4 Year Post,Sawinggrai,5,Selat Dampier MPA,1,4 Year Post,0.513408804,1.928571429,3.916428571,4.035714286,0.97,35.85714286,54.21428571,0.857142857
276,71,7 Year Post,Sawinggrai,5,Selat Dampier MPA,1,7 Year Post,0.559105519,1.666666667,4.437333333,4.555333333,0.916666667,42,48.46666667,0.866666667
277,72,2 Year Post,Sauandarek,5,Selat Dampier MPA,1,2 Year Post,0.493536023,2.923076923,3.448461538,4.050769231,0.775,12.64285714,46.71428571,0.928571429
278,72,4 Year Post,Sauandarek,5,Selat Dampier MPA,1,4 Year Post,0.427876313,1,4.407142857,3.951428571,0.8,13.85714286,49.14285714,0.714285714
279,72,7 Year Post,Sauandarek,5,Selat Dampier MPA,1,7 Year Post,0.377003236,1.777777778,4.141111111,4.433333333,0.583333333,18.11111111,56.33333333,1
280,73,Baseline,Wamega,5,Selat Dampier MPA,1,Baseline,0.540487862,2.6875,3.3725,3.834375,0.7925,19.8125,43.5625,0.8125
281,73,2 Year Post,Wamega,5,Selat Dampier MPA,1,2 Year Post,0.382528197,2.75,3.39375,3.9575,0.895833333,18.5,45.75,1
282,73,4 Year Post,Wamega,5,Selat Dampier MPA,1,4 Year Post,0.539270226,1.9375,3.721875,3.86375,0.872727273,21.4375,43.875,0.875
283,73,7 Year Post,Wamega,5,Selat Dampier MPA,1,7 Year Post,0.538235363,2.058823529,3.990588235,4.030588235,0.824444444,24.82352941,51.05882353,0.941176471
284,74,Baseline,Solol,5,Selat Dampier MPA,1,Baseline,0.530605397,2.975609756,2.17625,3.921463415,0.743142857,40.48780488,44.85365854,0.951219512
285,74,2 Year Post,Solol,5,Selat Dampier MPA,1,2 Year Post,0.648301462,3.375,3.61525,3.935897436,0.786666667,37.475,46.94736842,0.975
286,74,4 Year Post,Solol,5,Selat Dampier MPA,1,4 Year Post,0.534104743,1.585365854,3.931463415,3.926341463,0.911176471,39,47.5,0.95
287,74,7 Year Post,Solol,5,Selat Dampier MPA,1,7 Year Post,0.533862536,2.886363636,3.817727273,3.913863636,0.736666667,39.38636364,52.84090909,0.954545455
288,75,Baseline,Wailebet,5,Selat Dampier MPA,1,Baseline,0.578587067,2.583333333,3.024166667,3.7775,0.954117647,18.25,41.54166667,1
289,75,2 Year Post,Wailebet,5,Selat Dampier MPA,1,2 Year Post,0.609003276,2.916666667,3.401666667,3.91625,0.809444444,16.91666667,43.56521739,0.958333333
290,75,4 Year Post,Wailebet,5,Selat Dampier MPA,1,4 Year Post,0.617010436,1.75,3.593333333,4.062083333,0.921764706,21.66666667,42.875,0.916666667
291,75,7 Year Post,Wailebet,5,Selat Dampier MPA,1,7 Year Post,0.506998257,2.923076923,3.899615385,3.735769231,0.772105263,22.19230769,49.84615385,0.923076923
292,76,Baseline,Arefi,5,Selat Dampier MPA,1,Baseline,0.510831162,2.916666667,3.045714286,3.851944444,0.784827586,35.44444444,48.33333333,0.916666667
293,76,2 Year Post,Arefi,5,Selat Dampier MPA,1,2 Year Post,0.589835756,2.861111111,3.378333333,4.129444444,0.744333333,36.94285714,51.37142857,0.888888889
294,76,4 Year Post,Arefi,5,Selat Dampier MPA,1,4 Year Post,0.465927546,1.777777778,3.842777778,3.805277778,0.825,40.44444444,51.94285714,0.805555556
295,76,7 Year Post,Arefi,5,Selat Dampier MPA,1,7 Year Post,0.51740069,1.8,3.644,3.806842105,0.782608696,46.675,51,0.961538462
296,77,Baseline,Yensawai,5,Selat Dampier MPA,1,Baseline,0.486561265,2.642857143,2.696829268,3.855,0.7490625,26.80952381,43.52380952,0.952380952
297,77,2 Year Post,Yensawai,5,Selat Dampier MPA,1,2 Year Post,0.544039033,2.428571429,3.368571429,4.028095238,0.927027027,36.2195122,48.70731707,0.952380952
298,77,4 Year Post,Yensawai,5,Selat Dampier MPA,1,4 Year Post,0.518046998,1.476190476,3.518095238,3.948571429,0.886969697,29.35714286,46.02380952,0.904761905
299,77,7 Year Post,Yensawai,5,Selat Dampier MPA,1,7 Year Post,0.53360736,2.127659574,3.914468085,3.655116279,0.837894737,41.36170213,50.61702128,0.936170213
300,78,Baseline,Yenbeser,5,Selat Dampier MPA,1,Baseline,0.533546856,2.709677419,3.695666667,3.750333333,0.973333333,26.06451613,40.77419355,0.935483871
301,78,2 Year Post,Yenbeser,5,Selat Dampier MPA,1,2 Year Post,0.459673001,2.774193548,3.276451613,3.833548387,0.916923077,26,46.06896552,0.935483871
302,78,4 Year Post,Yenbeser,5,Selat Dampier MPA,1,4 Year Post,0.507126988,1.75862069,3.986206897,3.948965517,1,31.20689655,45.37931034,0.931034483
303,78,7 Year Post,Yenbeser,5,Selat Dampier MPA,1,7 Year Post,0.4659552,2.548387097,4.154333333,3.979032258,0.9632,32.58064516,50.32258065,0.935483871
304,79,Baseline,Saprokren,5,Selat Dampier MPA,1,Baseline,0.45319164,3.028571429,4.133142857,3.951176471,0.849,27.34285714,41.82857143,0.971428571
305,79,2 Year Post,Saprokren,5,Selat Dampier MPA,1,2 Year Post,0.357584169,2.823529412,3.24,4.019705882,0.833571429,29.23529412,44.87096774,0.882352941
306,79,4 Year Post,Saprokren,5,Selat Dampier MPA,1,4 Year Post,0.434359071,1.942857143,4.185142857,3.905142857,0.679615385,31.11428571,43.28571429,0.914285714
307,79,7 Year Post,Saprokren,5,Selat Dampier MPA,1,7 Year Post,0.400608246,2.315789474,3.790789474,4.186315789,0.936764706,28.68421053,49.18421053,0.842105263
308,80,Baseline,Saonek,5,Selat Dampier MPA,1,Baseline,0.631137195,2.020833333,3.540416667,3.708125,0.828,24.0625,44.0625,0.958333333
309,80,2 Year Post,Saonek,5,Selat Dampier MPA,1,2 Year Post,0.628207475,2.1875,3.946666667,3.955208333,0.910789474,23.85416667,44.80434783,0.936170213
310,80,4 Year Post,Saonek,5,Selat Dampier MPA,1,4 Year Post,0.648831135,1.520833333,3.974893617,3.843541667,0.936315789,26.47916667,41.54166667,0.979166667
311,80,7 Year Post,Saonek,5,Selat Dampier MPA,1,7 Year Post,0.533570352,1.895833333,4.108541667,4.195208333,0.889166667,28.85416667,43.27083333,0.958333333
312,81,Baseline,Adijaya,3,Kaimana MPA,1,Baseline,0.495008203,2.444444444,3.315833333,4.009166667,0.607931034,26.38888889,42.32352941,0.888888889
313,81,2 Year Post,Adijaya,3,Kaimana MPA,1,2 Year Post,0.57126163,2.545454545,3.808,4.109272727,0.686428571,28.18181818,45.62264151,0.867924528
314,81,4 Year Post,Adijaya,3,Kaimana MPA,1,4 Year Post,0.579660275,2.128205128,3.819487179,3.987435897,0.8078125,27.94871795,42.30769231,0.948717949
315,81,7 Year Post,Adijaya,3,Kaimana MPA,1,7 Year Post,0.46792261,2.119047619,3.68952381,3.875,0.788181818,32.54761905,45.95238095,0.761904762
316,82,Baseline,Kambala,3,Kaimana MPA,1,Baseline,0.423205455,1.689655172,3.180344828,3.718275862,0.853333333,22.39285714,40.59259259,0.793103448
317,82,2 Year Post,Kambala,3,Kaimana MPA,1,2 Year Post,0.500642558,1.804347826,3.443913043,3.901521739,0.786944444,20.19565217,42.83333333,0.906976744
318,82,4 Year Post,Kambala,3,Kaimana MPA,1,4 Year Post,0.441939056,1.652173913,3.946956522,3.869565217,0.861764706,23.23913043,44.93023256,0.906976744
319,82,7 Year Post,Kambala,3,Kaimana MPA,1,7 Year Post,0.468959998,2.29787234,3.975957447,3.854468085,0.930243902,24.55319149,43.55319149,0.914893617
320,83,Baseline,Yarona,3,Kaimana MPA,0,Baseline,0.508196034,1.923076923,2.183076923,3.939230769,0.883,27.90909091,39.36363636,0.923076923
321,83,2 Year Post,Yarona,3,Kaimana MPA,0,2 Year Post,0.503210537,2.916666667,2.831666667,4.001666667,0.77,36.58333333,39.91666667,1
322,83,4 Year Post,Yarona,3,Kaimana MPA,0,4 Year Post,0.582755682,1.916666667,3.78,4,0.856363636,34.83333333,49.75,0.666666667
323,83,7 Year Post,Yarona,3,Kaimana MPA,0,7 Year Post,0.550935357,2.461538462,3.998461538,3.832307692,0.8275,30,39.53846154,0.923076923
324,85,Baseline,Lumira,3,Kaimana MPA,1,Baseline,0.364521747,2.4,3.359,3.721,0.866666667,20.3,39.9,0.8
325,85,2 Year Post,Lumira,3,Kaimana MPA,1,2 Year Post,0.257569146,1.933333333,3.130666667,3.811333333,0.738333333,27.6,45.46666667,0.866666667
326,85,4 Year Post,Lumira,3,Kaimana MPA,1,4 Year Post,0.247432003,1.941176471,4.084117647,3.912352941,0.674285714,30.88235294,36.82352941,0.941176471
327,85,7 Year Post,Lumira,3,Kaimana MPA,1,7 Year Post,0.275596941,1.444444444,3.791111111,4.155555556,0.612142857,26.27777778,37.16666667,0.722222222
328,86,Baseline,Lobo,3,Kaimana MPA,1,Baseline,0.499684163,2.416666667,2.114583333,3.785,0.779411765,31.375,41.25,0.875
329,86,2 Year Post,Lobo,3,Kaimana MPA,1,2 Year Post,0.452204083,1.902439024,3.556585366,4.024146341,0.847142857,37.63414634,46.70731707,0.804878049
330,86,4 Year Post,Lobo,3,Kaimana MPA,1,4 Year Post,0.447225801,1.317073171,3.883170732,3.976097561,0.864848485,34.82926829,47.2,0.825
331,86,7 Year Post,Lobo,3,Kaimana MPA,1,7 Year Post,0.42447568,1.534883721,3.954418605,4.155581395,0.721142857,29.02325581,44.85714286,0.860465116
332,87,Baseline,Namatota,3,Kaimana MPA,1,Baseline,0.580795743,2.227272727,2.196818182,3.810454545,0.728235294,24.77272727,43.0952381,0.954545455
333,87,2 Year Post,Namatota,3,Kaimana MPA,1,2 Year Post,0.528767312,2.05,3.63625,3.9535,0.758387097,33.76315789,41.55555556,0.925
334,87,4 Year Post,Namatota,3,Kaimana MPA,1,4 Year Post,0.566776653,1.923076923,3.970769231,4.039230769,0.750416667,24.84615385,42.11538462,0.923076923
335,87,7 Year Post,Namatota,3,Kaimana MPA,1,7 Year Post,0.430690028,1.722222222,4.662777778,4.389444444,0.716923077,36.55555556,54.44444444,0.888888889
336,88,Baseline,Mai Mai,3,Kaimana MPA,1,Baseline,0.603304688,2.647058824,2.907647059,3.908823529,0.766923077,28.17647059,44.17647059,0.941176471
337,88,2 Year Post,Mai Mai,3,Kaimana MPA,1,2 Year Post,0.527182703,2.034482759,3.774137931,3.960344828,0.854285714,30.2962963,46.2,0.896551724
338,88,4 Year Post,Mai Mai,3,Kaimana MPA,1,4 Year Post,0.517223307,2.034482759,3.985714286,3.965172414,0.765,39.13793103,48.31034483,0.965517241
339,88,7 Year Post,Mai Mai,3,Kaimana MPA,1,7 Year Post,0.439821569,1.566666667,4.207931034,4.158666667,0.691481481,42.83333333,52.5,0.833333333
340,89,Baseline,Murano,3,Kaimana MPA,1,Baseline,0.413074291,1.909090909,3.53,3.828181818,0.68,28.72727273,45.18181818,0.909090909
341,89,2 Year Post,Murano,3,Kaimana MPA,1,2 Year Post,0.420689542,2.055555556,3.751176471,3.892222222,0.633333333,26.61111111,40.77777778,0.888888889
342,89,4 Year Post,Murano,3,Kaimana MPA,1,4 Year Post,0.465170995,2,3.912222222,3.917222222,0.833571429,43.72222222,49.22222222,1
343,89,7 Year Post,Murano,3,Kaimana MPA,1,7 Year Post,0.361481752,1.578947368,4.365789474,4.058421053,0.588181818,32.73684211,49.33333333,0.777777778
344,90,Baseline,Marsi,3,Kaimana MPA,1,Baseline,0.647584793,1.909090909,2.89,3.999090909,0.775,27.18181818,42.81818182,0.636363636
345,90,2 Year Post,Marsi,3,Kaimana MPA,1,2 Year Post,0.57102122,1.722222222,3.371666667,3.911111111,0.84375,32.58823529,45.6875,0.875
346,90,4 Year Post,Marsi,3,Kaimana MPA,1,4 Year Post,0.54270858,1.888888889,3.972777778,4.009444444,0.902941176,35.38888889,46.11111111,0.833333333
347,90,7 Year Post,Marsi,3,Kaimana MPA,1,7 Year Post,0.52065212,1.631578947,4.22,4.195789474,0.937058824,37.63157895,45.26315789,0.789473684
348,91,Baseline,Tanggaromi,3,Kaimana MPA,0,Baseline,0.504792235,1.666666667,1.878333333,3.689166667,0.89625,24.41666667,43,0.666666667
349,91,2 Year Post,Tanggaromi,3,Kaimana MPA,0,2 Year Post,0.588748626,2.25,2.7,3.916666667,0.867,25.5,44.45454545,0.916666667
350,91,4 Year Post,Tanggaromi,3,Kaimana MPA,0,4 Year Post,0.460967963,2.333333333,2.935,3.778333333,0.909,35.25,46,0.916666667
351,91,7 Year Post,Tanggaromi,3,Kaimana MPA,0,7 Year Post,0.459603511,1.583333333,3.3775,4.3475,0.919166667,38.25,45.83333333,0.833333333
352,92,Baseline,Siawatan,3,Kaimana MPA,0,Baseline,0.512255875,1.723809524,3.050190476,3.882307692,0.696455696,21.10576923,39.32989691,0.933333333
353,92,2 Year Post,Siawatan,3,Kaimana MPA,0,2 Year Post,0.553919917,2.153846154,3.076666667,3.852820513,0.785,22.85897436,38.02777778,0.945945946
354,92,4 Year Post,Siawatan,3,Kaimana MPA,0,4 Year Post,0.515933176,1.692307692,4.098461538,3.951923077,0.710666667,27.17307692,40.01923077,0.903846154
355,92,7 Year Post,Siawatan,3,Kaimana MPA,0,7 Year Post,0.47300765,1.642857143,3.987321429,4.055,0.722380952,23.21428571,44.30357143,0.910714286
356,93,Baseline,Bamana,3,Kaimana MPA,1,Baseline,0.533472257,2.142857143,2.872857143,3.821428571,0.678571429,30.46153846,39.53846154,1
357,93,2 Year Post,Bamana,3,Kaimana MPA,1,2 Year Post,0.604532997,2.75,3.1465,3.9515,0.741052632,31.7,42.1,0.95
358,93,4 Year Post,Bamana,3,Kaimana MPA,1,4 Year Post,0.636518312,1.9,4.2785,4,0.784117647,37.2,50.6,0.9
359,93,7 Year Post,Bamana,3,Kaimana MPA,1,7 Year Post,0.478920075,1.894736842,2.674736842,4.094736842,0.955384615,27.61111111,47.73684211,0.947368421
360,94,Baseline,Rururmo,3,Kaimana MPA,1,Baseline,0.519408523,1.769230769,3.401923077,3.961538462,0.897058824,23.23076923,42.26923077,0.923076923
361,94,2 Year Post,Rururmo,3,Kaimana MPA,1,2 Year Post,0.537149229,1.384615385,3.227105263,3.812820513,0.847714286,18.45945946,41.11428571,0.897435897
362,94,4 Year Post,Rururmo,3,Kaimana MPA,1,4 Year Post,0.597539323,1.641025641,4.014615385,3.966153846,0.84972973,20.94736842,45.51282051,0.974358974
363,94,7 Year Post,Rururmo,3,Kaimana MPA,1,7 Year Post,0.439947153,1.735294118,3.23,4.331470588,0.866296296,26.11764706,43.35294118,0.941176471
364,95,Baseline,Kamaka,3,Kaimana MPA,1,Baseline,0.440038188,2.454545455,2.906,3.43,0.582,28.1,40.4,0.909090909
365,95,2 Year Post,Kamaka,3,Kaimana MPA,1,2 Year Post,0.441078157,2.833333333,3.203333333,3.657777778,0.707142857,21.25,36.4375,0.888888889
366,95,4 Year Post,Kamaka,3,Kaimana MPA,1,4 Year Post,0.330277474,2.222222222,3.914444444,3.925555556,0.578571429,34.22222222,40.11111111,1
367,95,7 Year Post,Kamaka,3,Kaimana MPA,1,7 Year Post,0.417013086,1.888888889,4.555555556,4.092222222,0.65,22.55555556,40.77777778,1
368,102,Baseline,Yeflo,5,Selat Dampier MPA,0,Baseline,0.397049,2.789473684,3.932631579,3.767894737,0.958333333,34.31578947,41.47368421,0.894736842
369,102,2 Year Post,Yeflo,5,Selat Dampier MPA,0,2 Year Post,0.370114417,2.105263158,3.342105263,4.034736842,0.725294118,34.05263158,44.31578947,0.789473684
370,102,4 Year Post,Yeflo,5,Selat Dampier MPA,0,4 Year Post,0.418343489,1.944444444,3.131052632,3.916111111,0.716,31.47368421,46.10526316,0.947368421
371,102,7 Year Post,Yeflo,5,Selat Dampier MPA,0,7 Year Post,0.561086264,2.619047619,4.44047619,4.03,0.863529412,29.0952381,42.85714286,1
372,103,Baseline,Arar,5,Selat Dampier MPA,0,Baseline,0.660323729,1.96875,3.306363636,3.79125,0.7968,27.84848485,43.4375,0.9375
373,103,2 Year Post,Arar,5,Selat Dampier MPA,0,2 Year Post,0.624027628,1.914285714,3.674,4.037714286,0.7384375,28.34285714,44.91428571,1
374,103,4 Year Post,Arar,5,Selat Dampier MPA,0,4 Year Post,0.603932651,2.205882353,3.54,3.901470588,0.804615385,29.61764706,42.14705882,0.911764706
375,103,7 Year Post,Arar,5,Selat Dampier MPA,0,7 Year Post,0.524518723,1.891891892,4.085405405,4.157837838,0.897333333,33.35135135,46.62162162,0.918918919
376,104,2 Year Post,Ambuni,2,Teluk Cenderawasih NP,1,2 Year Post,0.464978063,2.928571429,2.333571429,3.976428571,0.641666667,45.42857143,49.35714286,0.857142857
377,104,4 Year Post,Ambuni,2,Teluk Cenderawasih NP,1,4 Year Post,0.637862685,2,3.828571429,3.987857143,0.947777778,34.14285714,43.14285714,0.785714286
378,104,7 Year Post,Ambuni,2,Teluk Cenderawasih NP,1,7 Year Post,0.422061853,2.857142857,3.622857143,3.916428571,0.607,39.85714286,46.14285714,1
379,105,2 Year Post,Dunsner,2,Teluk Cenderawasih NP,1,2 Year Post,0.425281921,3.384615385,3.188461538,4.013846154,0.557777778,33.92307692,40.92307692,1
380,105,4 Year Post,Dunsner,2,Teluk Cenderawasih NP,1,4 Year Post,0.644568809,2,4.043846154,4.18,0.925,38,48.92307692,0.846153846
381,105,7 Year Post,Dunsner,2,Teluk Cenderawasih NP,1,7 Year Post,0.742052085,2.846153846,3.813846154,3.614615385,0.772727273,33.30769231,51.38461538,1
382,106,2 Year Post,Nanimori,2,Teluk Cenderawasih NP,1,2 Year Post,0.438376292,2.7,3.057,3.867,0.75,28.5,48.88888889,0.8
383,106,4 Year Post,Nanimori,2,Teluk Cenderawasih NP,1,4 Year Post,0.443065373,1.7,3.925,4.034,0.734285714,33.7,50.3,0.9
384,106,7 Year Post,Nanimori,2,Teluk Cenderawasih NP,1,7 Year Post,0.376388853,3.333333333,3.367777778,3.844444444,0.575714286,21.88888889,43.88888889,0.888888889
385,107,2 Year Post,Rasiei,2,Teluk Cenderawasih NP,1,2 Year Post,0.595110793,2,2.796,3.966666667,0.788461538,32.2,48.06666667,0.933333333
386,107,4 Year Post,Rasiei,2,Teluk Cenderawasih NP,1,4 Year Post,0.487137828,1.933333333,3.778,4.067333333,0.845384615,38,48.73333333,0.866666667
387,107,7 Year Post,Rasiei,2,Teluk Cenderawasih NP,1,7 Year Post,0.448748544,2,3.477857143,3.857142857,0.827272727,26.42857143,52.35714286,0.928571429
388,108,2 Year Post,Sasirei,2,Teluk Cenderawasih NP,1,2 Year Post,0.515214299,1.6,2.968666667,3.76,0.817692308,33.4,44.4,0.733333333
389,108,4 Year Post,Sasirei,2,Teluk Cenderawasih NP,1,4 Year Post,0.498569132,1.6,3.334666667,4.112,0.926428571,38.2,49.13333333,0.866666667
390,108,7 Year Post,Sasirei,2,Teluk Cenderawasih NP,1,7 Year Post,0.584809607,2.4,3.956666667,3.766,0.886363636,35.4,51.42857143,0.933333333
391,109,2 Year Post,Torey,2,Teluk Cenderawasih NP,1,2 Year Post,0.586240852,2.333333333,2.436,3.944666667,0.839285714,33.4,45.86666667,1
392,109,4 Year Post,Torey,2,Teluk Cenderawasih NP,1,4 Year Post,0.559408887,1.666666667,3.57,3.966,0.727272727,32.2,43.13333333,0.933333333
393,109,7 Year Post,Torey,2,Teluk Cenderawasih NP,1,7 Year Post,0.509093694,1.733333333,3.376666667,3.938461538,0.777777778,32.2,45.73333333,0.933333333
394,110,2 Year Post,Iseren,2,Teluk Cenderawasih NP,1,2 Year Post,0.563214543,1.9,3.914,3.777,0.945,33,35.66666667,0.9
395,110,4 Year Post,Iseren,2,Teluk Cenderawasih NP,1,4 Year Post,0.381813083,1.7,3.925,3.967,0.671428571,34,39.7,1
396,110,7 Year Post,Iseren,2,Teluk Cenderawasih NP,1,7 Year Post,0.412803208,3.5,3.925,3.649,0.791666667,33.8,49.5,0.8
397,111,2 Year Post,Senebuay,2,Teluk Cenderawasih NP,1,2 Year Post,0.424528911,3,3.148,3.932,0.85,35.4,45.6,0.9
398,111,4 Year Post,Senebuay,2,Teluk Cenderawasih NP,1,4 Year Post,0.543182574,2.9,3.64,3.817,0.98,20.2,38.1,1
399,111,7 Year Post,Senebuay,2,Teluk Cenderawasih NP,1,7 Year Post,0.435861947,3.2,3.925,3.532,0.861111111,25.1,41.11111111,1
400,112,2 Year Post,Yembikiri I,2,Teluk Cenderawasih NP,1,2 Year Post,0.560934411,2.823529412,3.728235294,3.968235294,0.665714286,39.47058824,44.11764706,0.941176471
401,112,4 Year Post,Yembikiri I,2,Teluk Cenderawasih NP,1,4 Year Post,0.579606423,1.823529412,4.028235294,3.951176471,0.922,32.70588235,46.0625,0.823529412
402,112,7 Year Post,Yembikiri I,2,Teluk Cenderawasih NP,1,7 Year Post,0.466237469,2.882352941,3.870588235,3.829411765,0.893333333,36.94117647,50.76470588,0.823529412
403,113,2 Year Post,Nusa Ulan,3,Kaimana MPA,1,2 Year Post,0.428196453,2.318181818,3.650454545,4.030909091,0.69,28.36363636,37.6,0.904761905
404,113,4 Year Post,Nusa Ulan,3,Kaimana MPA,1,4 Year Post,0.333820178,1.727272727,4.021363636,4,0.528235294,25,37.59090909,0.863636364
405,113,7 Year Post,Nusa Ulan,3,Kaimana MPA,1,7 Year Post,0.451658487,2.434782609,3.39,3.847826087,0.693809524,31.60869565,48.86956522,1
406,114,2 Year Post,Boiya,3,Kaimana MPA,1,2 Year Post,0.407235313,2.441860465,2.060232558,3.965813953,0.748461538,40.9047619,48.64285714,0.76744186
407,114,4 Year Post,Boiya,3,Kaimana MPA,1,4 Year Post,0.480068174,2,3.856486486,4.076756757,0.771875,34.24324324,44.16216216,0.864864865
408,114,7 Year Post,Boiya,3,Kaimana MPA,1,7 Year Post,0.481443657,2.037037037,2.861111111,4.322222222,0.7364,36,46.2962963,0.962962963
409,115,2 Year Post,Nariki,3,Kaimana MPA,1,2 Year Post,0.393190703,2.588235294,2.625294118,3.725294118,0.595,1.529411765,40.38461538,0.941176471
410,115,4 Year Post,Nariki,3,Kaimana MPA,1,4 Year Post,0.317871253,2.130434783,3.87173913,4.00826087,0.8045,5.043478261,42.7826087,0.956521739
411,115,7 Year Post,Nariki,3,Kaimana MPA,1,7 Year Post,0.395177316,1.958333333,2.729583333,4.078333333,0.620555556,12.70833333,45.29166667,0.916666667